case_id,dam_height,boulder_mass,boulder_rot_z,friction_coefficient,slope_inv,pred_margin_train_pct_deq,pred_std_pct_deq,u_value,rationale
al4_lowH_m085_mu0566,0.175,0.85,0,0.566,20,1.345589765948287,1.3887257652241614,0.968938432369417,close low-H bracket between 0.560 F and 0.572 E
al4_base_m085_mu0790,0.2,0.85,0,0.79,20,-1.1189650950045549,1.430906509523611,0.7819973475250369,close base low-mass bracket between 0.780 F and 0.800 E
al4_midH_m085_mu0890,0.21,0.85,0,0.89,20,0.7539731083689452,1.4426389401498585,0.5226346574910152,close mid-H low-mass bracket between 0.880 F and 0.900 E
al4_midH_m100_mu0748,0.21,1.0,0,0.748,20,-1.412135081067144,1.393469516279145,1.0133950291476963,close mid-H reference-mass bracket between 0.740 F and 0.755 E
al4_highH_m100_mu0865,0.225,1.0,0,0.865,20,0.1547997820084963,1.3800300806432013,0.11217131001683339,close high-H reference-mass bracket between 0.860 F and 0.870 E
al4_highH_m115_mu0750,0.225,1.15,0,0.75,20,-0.4039512155843439,1.4290535941007096,0.2826704451474852,close high-H m*=1.15 bracket between 0.740 F and 0.760 E
al4_highH_m125_mu0680,0.225,1.25,0,0.68,20,-4.546619494924418,1.6705232126176306,2.721673940583776,close high-H m*=1.25 bracket between 0.660 F and 0.700 E
al4_base_m100_mu06808,0.2,1.0,0,0.6808,20,-0.34771249609740185,1.2291075952219765,0.2828983381510405,repeat-like fine check near legacy base transition 0.6806 F and 0.6810 E
